frame.len,ip.src,protocol.type
1086,192.168.0.2,TCP
989,10.0.0.1,TCP
1370,10.0.0.1,UDP
316,192.168.0.2,UDP
1254,192.168.0.1,UDP
923,10.0.0.1,UDP
541,10.0.0.1,TCP
593,192.168.0.1,UDP
468,10.0.0.1,ICMP
663,192.168.0.2,UDP
732,10.0.0.1,ICMP
1306,192.168.0.2,UDP
1214,10.0.0.1,ICMP
1237,192.168.0.1,ICMP
226,192.168.0.1,UDP
1346,192.168.0.2,ICMP
555,10.0.0.1,ICMP
1175,192.168.0.1,ICMP
1243,192.168.0.1,TCP
1348,192.168.0.2,UDP
922,192.168.0.1,UDP
673,192.168.0.2,ICMP
1146,10.0.0.1,UDP
216,10.0.0.1,UDP
1466,10.0.0.1,ICMP
827,10.0.0.1,ICMP
1229,10.0.0.1,ICMP
792,10.0.0.1,TCP
1320,10.0.0.1,TCP
1107,10.0.0.1,ICMP
996,192.168.0.1,ICMP
953,192.168.0.2,ICMP
1003,192.168.0.1,ICMP
665,192.168.0.2,ICMP
1363,192.168.0.1,UDP
980,10.0.0.1,UDP
303,192.168.0.2,ICMP
579,10.0.0.1,UDP
511,10.0.0.1,ICMP
1315,10.0.0.1,ICMP
1148,10.0.0.1,UDP
1183,192.168.0.1,UDP
980,192.168.0.1,ICMP
577,192.168.0.1,UDP
374,10.0.0.1,UDP
674,192.168.0.2,ICMP
1443,192.168.0.2,ICMP
590,192.168.0.1,ICMP
544,192.168.0.1,ICMP
423,10.0.0.1,TCP
299,192.168.0.2,UDP
574,192.168.0.2,ICMP
154,192.168.0.1,TCP
582,192.168.0.2,UDP
291,192.168.0.1,UDP
137,192.168.0.2,ICMP
1070,10.0.0.1,ICMP
1077,10.0.0.1,TCP
1379,10.0.0.1,ICMP
127,192.168.0.1,TCP
886,10.0.0.1,ICMP
290,192.168.0.1,UDP
412,192.168.0.2,TCP
255,192.168.0.2,TCP
1281,10.0.0.1,ICMP
1090,192.168.0.2,TCP
999,192.168.0.1,UDP
251,10.0.0.1,TCP
568,192.168.0.2,TCP
946,10.0.0.1,UDP
461,192.168.0.2,UDP
894,192.168.0.1,ICMP
529,192.168.0.1,TCP
1028,192.168.0.2,ICMP
125,192.168.0.2,TCP
1308,10.0.0.1,UDP
1090,192.168.0.1,TCP
1333,192.168.0.2,ICMP
675,192.168.0.1,TCP
349,192.168.0.1,UDP
1109,10.0.0.1,TCP
588,192.168.0.1,ICMP
1153,192.168.0.2,ICMP
818,10.0.0.1,TCP
857,10.0.0.1,UDP
360,192.168.0.2,TCP
1222,192.168.0.2,TCP
945,10.0.0.1,UDP
1258,192.168.0.1,UDP
1426,10.0.0.1,UDP
896,10.0.0.1,TCP
511,10.0.0.1,UDP
957,10.0.0.1,TCP
1243,10.0.0.1,TCP
495,10.0.0.1,ICMP
263,192.168.0.1,ICMP
416,192.168.0.1,UDP
856,192.168.0.2,UDP
1300,192.168.0.2,UDP
1293,192.168.0.2,UDP
849,10.0.0.1,UDP
752,192.168.0.1,UDP
895,10.0.0.1,ICMP
121,192.168.0.2,TCP
396,10.0.0.1,TCP
105,10.0.0.1,ICMP
1073,10.0.0.1,ICMP
973,192.168.0.1,UDP
1334,192.168.0.2,UDP
1263,192.168.0.2,TCP
317,10.0.0.1,UDP
1015,192.168.0.1,ICMP
1140,192.168.0.2,TCP
1409,10.0.0.1,TCP
913,192.168.0.2,ICMP
1274,10.0.0.1,TCP
263,192.168.0.2,TCP
460,192.168.0.2,ICMP
1098,192.168.0.2,UDP
112,10.0.0.1,TCP
632,192.168.0.1,TCP
635,10.0.0.1,ICMP
666,10.0.0.1,UDP
475,192.168.0.1,UDP
1020,192.168.0.2,ICMP
1361,10.0.0.1,ICMP
626,192.168.0.2,UDP
125,192.168.0.2,TCP
1073,192.168.0.2,UDP
1193,192.168.0.1,ICMP
110,10.0.0.1,ICMP
513,10.0.0.1,UDP
90,192.168.0.2,UDP
929,10.0.0.1,ICMP
909,10.0.0.1,ICMP
502,192.168.0.2,UDP
574,192.168.0.1,UDP
259,192.168.0.2,ICMP
625,10.0.0.1,UDP
1406,192.168.0.2,UDP
1398,10.0.0.1,TCP
770,192.168.0.2,UDP
170,192.168.0.1,ICMP
1292,10.0.0.1,UDP
1243,10.0.0.1,UDP
1355,10.0.0.1,ICMP
183,10.0.0.1,TCP
989,10.0.0.1,ICMP
301,192.168.0.1,TCP
1381,10.0.0.1,UDP
1135,192.168.0.2,TCP
1001,10.0.0.1,UDP
107,192.168.0.1,ICMP
1491,192.168.0.1,TCP
1094,192.168.0.1,ICMP
1127,192.168.0.1,TCP
441,192.168.0.2,ICMP
1347,192.168.0.1,TCP
169,192.168.0.1,TCP
124,192.168.0.1,UDP
237,192.168.0.1,TCP
1099,10.0.0.1,UDP
174,10.0.0.1,UDP
989,10.0.0.1,TCP
1383,192.168.0.2,UDP
676,10.0.0.1,ICMP
1344,192.168.0.2,ICMP
1095,10.0.0.1,TCP
73,10.0.0.1,ICMP
1442,10.0.0.1,TCP
478,192.168.0.1,TCP
740,192.168.0.2,ICMP
1296,192.168.0.1,TCP
460,192.168.0.1,UDP
1198,192.168.0.1,TCP
437,192.168.0.1,UDP
366,10.0.0.1,ICMP
588,10.0.0.1,TCP
704,192.168.0.2,TCP
197,10.0.0.1,ICMP
1394,192.168.0.1,TCP
708,192.168.0.1,ICMP
121,192.168.0.2,TCP
466,192.168.0.1,ICMP
676,192.168.0.2,UDP
394,192.168.0.1,TCP
437,192.168.0.1,ICMP
1366,192.168.0.2,ICMP
1231,192.168.0.2,TCP
579,192.168.0.2,TCP
627,10.0.0.1,TCP
842,192.168.0.1,ICMP
449,10.0.0.1,UDP
827,192.168.0.1,UDP
190,192.168.0.2,ICMP
1447,192.168.0.1,UDP
471,10.0.0.1,TCP
315,192.168.0.1,TCP
387,192.168.0.2,ICMP
270,192.168.0.1,ICMP
300,192.168.0.1,UDP
400,10.0.0.1,UDP
457,192.168.0.2,UDP
1162,192.168.0.2,ICMP
763,192.168.0.1,TCP
590,192.168.0.1,UDP
1068,192.168.0.2,ICMP
1251,192.168.0.2,ICMP
609,10.0.0.1,UDP
1435,192.168.0.1,TCP
593,192.168.0.2,UDP
1351,192.168.0.2,ICMP
275,10.0.0.1,TCP
795,10.0.0.1,ICMP
1304,192.168.0.2,TCP
262,192.168.0.1,TCP
1116,192.168.0.2,UDP
1235,192.168.0.1,UDP
1245,192.168.0.2,UDP
1487,192.168.0.2,TCP
159,10.0.0.1,TCP
668,192.168.0.2,ICMP
294,192.168.0.2,TCP
1297,10.0.0.1,UDP
765,192.168.0.2,TCP
1440,192.168.0.1,ICMP
1025,192.168.0.2,ICMP
588,192.168.0.2,UDP
1237,10.0.0.1,TCP
1183,192.168.0.2,UDP
411,192.168.0.1,ICMP
853,192.168.0.2,TCP
283,192.168.0.1,ICMP
1222,192.168.0.1,UDP
1329,10.0.0.1,UDP
108,10.0.0.1,UDP
567,10.0.0.1,TCP
416,192.168.0.1,TCP
99,192.168.0.2,UDP
827,10.0.0.1,TCP
276,10.0.0.1,TCP
1480,192.168.0.2,UDP
924,192.168.0.1,UDP
472,192.168.0.2,ICMP
421,192.168.0.2,UDP
486,192.168.0.1,TCP
731,192.168.0.1,UDP
1354,192.168.0.1,UDP
769,192.168.0.1,UDP
1200,10.0.0.1,ICMP
1316,192.168.0.1,UDP
221,192.168.0.1,TCP
819,10.0.0.1,UDP
1406,10.0.0.1,UDP
608,192.168.0.1,TCP
134,10.0.0.1,UDP
221,10.0.0.1,ICMP
1345,192.168.0.1,ICMP
1273,192.168.0.2,TCP
1117,192.168.0.1,TCP
769,10.0.0.1,ICMP
733,192.168.0.2,TCP
315,192.168.0.2,ICMP
286,10.0.0.1,UDP
187,192.168.0.2,UDP
1153,10.0.0.1,TCP
407,192.168.0.2,UDP
268,192.168.0.2,UDP
418,192.168.0.1,ICMP
682,10.0.0.1,UDP
1333,192.168.0.1,ICMP
771,192.168.0.1,UDP
887,192.168.0.2,UDP
647,192.168.0.2,TCP
505,10.0.0.1,TCP
961,192.168.0.2,UDP
761,192.168.0.2,UDP
378,192.168.0.2,TCP
1191,10.0.0.1,TCP
1329,10.0.0.1,UDP
1004,10.0.0.1,UDP
382,10.0.0.1,TCP
304,10.0.0.1,ICMP
1349,192.168.0.2,ICMP
749,192.168.0.2,UDP
454,192.168.0.2,UDP
89,10.0.0.1,TCP
573,192.168.0.2,ICMP
1161,10.0.0.1,UDP
490,192.168.0.2,ICMP
983,192.168.0.2,UDP
1488,192.168.0.2,UDP
75,192.168.0.1,TCP
193,192.168.0.2,TCP
608,10.0.0.1,UDP
837,10.0.0.1,UDP
217,192.168.0.2,TCP
451,192.168.0.1,ICMP
648,192.168.0.2,UDP
625,192.168.0.2,UDP
1096,192.168.0.2,UDP
545,192.168.0.2,UDP
980,10.0.0.1,ICMP
805,10.0.0.1,TCP
1238,192.168.0.1,TCP
170,192.168.0.2,UDP
554,10.0.0.1,UDP
180,10.0.0.1,TCP
693,192.168.0.2,UDP
789,10.0.0.1,UDP
172,192.168.0.1,TCP
741,192.168.0.2,ICMP
866,192.168.0.2,ICMP
1276,10.0.0.1,ICMP
165,192.168.0.1,TCP
1174,10.0.0.1,UDP
1164,192.168.0.2,ICMP
70,10.0.0.1,ICMP
131,192.168.0.2,TCP
75,10.0.0.1,ICMP
81,192.168.0.2,ICMP
638,192.168.0.2,UDP
308,192.168.0.2,TCP
854,10.0.0.1,ICMP
799,192.168.0.2,UDP
853,192.168.0.1,ICMP
1082,192.168.0.1,ICMP
668,192.168.0.2,TCP
921,10.0.0.1,ICMP
976,192.168.0.2,UDP
486,192.168.0.1,TCP
1085,192.168.0.2,TCP
914,10.0.0.1,UDP
511,10.0.0.1,TCP
1172,192.168.0.1,TCP
178,192.168.0.2,UDP
1209,192.168.0.1,UDP
301,10.0.0.1,TCP
1009,10.0.0.1,ICMP
392,192.168.0.2,ICMP
1305,10.0.0.1,TCP
305,192.168.0.2,UDP
1417,10.0.0.1,TCP
624,192.168.0.1,TCP
231,10.0.0.1,ICMP
1449,192.168.0.2,TCP
868,10.0.0.1,ICMP
1248,10.0.0.1,ICMP
546,192.168.0.1,TCP
180,10.0.0.1,TCP
285,192.168.0.2,TCP
683,192.168.0.1,ICMP
1069,192.168.0.1,UDP
518,192.168.0.2,TCP
929,192.168.0.2,ICMP
443,192.168.0.1,UDP
118,192.168.0.1,TCP
987,192.168.0.2,ICMP
1183,10.0.0.1,TCP
1059,10.0.0.1,ICMP
430,192.168.0.2,TCP
1378,10.0.0.1,TCP
481,10.0.0.1,UDP
1012,192.168.0.2,ICMP
1120,10.0.0.1,TCP
394,10.0.0.1,UDP
1221,192.168.0.2,ICMP
440,10.0.0.1,UDP
267,192.168.0.2,TCP
1189,192.168.0.2,ICMP
728,10.0.0.1,TCP
881,192.168.0.2,ICMP
215,192.168.0.1,TCP
1217,192.168.0.2,UDP
696,192.168.0.1,TCP
373,192.168.0.1,TCP
301,192.168.0.2,ICMP
437,10.0.0.1,ICMP
131,192.168.0.2,TCP
293,10.0.0.1,ICMP
466,192.168.0.2,TCP
68,192.168.0.1,UDP
1072,192.168.0.1,TCP
543,192.168.0.2,ICMP
115,10.0.0.1,TCP
1117,192.168.0.2,ICMP
73,192.168.0.1,ICMP
821,192.168.0.2,ICMP
1436,10.0.0.1,TCP
1278,10.0.0.1,UDP
1433,192.168.0.2,TCP
208,192.168.0.1,UDP
1193,192.168.0.1,ICMP
1286,10.0.0.1,TCP
1061,192.168.0.2,ICMP
595,10.0.0.1,TCP
449,192.168.0.2,TCP
466,10.0.0.1,UDP
117,192.168.0.2,ICMP
1188,192.168.0.2,UDP
1413,10.0.0.1,UDP
274,192.168.0.1,UDP
717,192.168.0.1,UDP
65,192.168.0.1,UDP
175,192.168.0.2,UDP
340,192.168.0.1,TCP
704,10.0.0.1,TCP
1007,192.168.0.2,UDP
1321,192.168.0.1,UDP
624,10.0.0.1,TCP
1343,10.0.0.1,TCP
351,192.168.0.2,UDP
527,10.0.0.1,TCP
1147,10.0.0.1,TCP
1314,192.168.0.1,UDP
1215,10.0.0.1,TCP
393,10.0.0.1,TCP
1137,192.168.0.2,ICMP
1450,10.0.0.1,UDP
409,192.168.0.2,ICMP
1030,10.0.0.1,TCP
1360,192.168.0.2,ICMP
464,192.168.0.2,ICMP
392,192.168.0.2,ICMP
1310,192.168.0.1,ICMP
554,192.168.0.2,TCP
863,10.0.0.1,UDP
840,192.168.0.1,TCP
1357,192.168.0.1,UDP
73,10.0.0.1,ICMP
669,192.168.0.2,ICMP
508,10.0.0.1,ICMP
208,192.168.0.2,TCP
1097,192.168.0.1,ICMP
804,10.0.0.1,ICMP
1372,192.168.0.2,ICMP
1215,192.168.0.2,ICMP
1236,192.168.0.1,TCP
753,192.168.0.2,ICMP
1297,10.0.0.1,TCP
1095,10.0.0.1,ICMP
1194,192.168.0.2,TCP
456,10.0.0.1,UDP
1306,192.168.0.1,UDP
1482,192.168.0.2,TCP
1125,192.168.0.1,ICMP
1344,192.168.0.2,UDP
190,192.168.0.1,TCP
676,192.168.0.1,UDP
232,192.168.0.1,ICMP
652,192.168.0.2,UDP
1482,10.0.0.1,ICMP
317,192.168.0.1,ICMP
1404,10.0.0.1,TCP
870,192.168.0.1,UDP
533,10.0.0.1,UDP
1149,192.168.0.2,UDP
274,192.168.0.1,ICMP
1421,192.168.0.1,UDP
1379,192.168.0.1,UDP
277,192.168.0.2,TCP
991,192.168.0.2,ICMP
808,192.168.0.1,TCP
672,10.0.0.1,ICMP
866,192.168.0.2,ICMP
862,192.168.0.1,TCP
816,10.0.0.1,UDP
1220,192.168.0.1,ICMP
689,192.168.0.1,ICMP
589,192.168.0.2,UDP
353,192.168.0.2,UDP
288,192.168.0.2,ICMP
784,192.168.0.2,UDP
407,192.168.0.2,UDP
351,192.168.0.2,TCP
879,10.0.0.1,ICMP
155,192.168.0.2,UDP
908,192.168.0.1,ICMP
1185,10.0.0.1,ICMP
436,192.168.0.1,TCP
1136,10.0.0.1,TCP
470,10.0.0.1,TCP
1248,192.168.0.2,TCP
492,192.168.0.1,ICMP
403,192.168.0.2,ICMP
479,10.0.0.1,TCP
1487,192.168.0.2,TCP
961,10.0.0.1,TCP
314,192.168.0.2,UDP
468,192.168.0.1,UDP
786,10.0.0.1,ICMP
648,192.168.0.1,UDP
1310,192.168.0.1,ICMP
1064,192.168.0.1,ICMP
87,192.168.0.2,ICMP
514,192.168.0.2,UDP
111,192.168.0.1,UDP
748,192.168.0.2,ICMP
900,10.0.0.1,ICMP
694,10.0.0.1,ICMP
495,192.168.0.2,TCP
107,192.168.0.2,ICMP
1371,192.168.0.1,TCP
440,192.168.0.2,TCP
358,10.0.0.1,UDP
1043,10.0.0.1,ICMP
1355,192.168.0.2,TCP
756,10.0.0.1,UDP
690,10.0.0.1,UDP
849,192.168.0.1,TCP
489,10.0.0.1,ICMP
330,192.168.0.2,UDP
840,192.168.0.1,UDP
806,192.168.0.1,UDP
847,10.0.0.1,UDP
707,192.168.0.2,UDP
1449,192.168.0.2,ICMP
417,192.168.0.1,UDP
1492,192.168.0.1,ICMP
939,192.168.0.1,TCP
179,192.168.0.2,ICMP
734,192.168.0.2,TCP
795,192.168.0.2,TCP
805,192.168.0.1,ICMP
835,10.0.0.1,UDP
189,192.168.0.2,UDP
203,192.168.0.2,TCP
314,10.0.0.1,ICMP
839,192.168.0.2,TCP
675,192.168.0.1,TCP
474,10.0.0.1,ICMP
1249,192.168.0.1,UDP
1373,192.168.0.1,TCP
652,192.168.0.1,TCP
443,192.168.0.1,UDP
226,10.0.0.1,ICMP
130,192.168.0.2,TCP
449,10.0.0.1,ICMP
588,10.0.0.1,TCP
1153,192.168.0.1,TCP
63,192.168.0.1,ICMP
1235,192.168.0.1,ICMP
669,192.168.0.2,ICMP
155,192.168.0.2,ICMP
156,192.168.0.2,UDP
1417,192.168.0.2,UDP
1321,10.0.0.1,ICMP
1077,10.0.0.1,TCP
381,192.168.0.1,ICMP
273,192.168.0.1,ICMP
1436,192.168.0.2,UDP
873,192.168.0.2,UDP
1428,192.168.0.2,TCP
1135,192.168.0.2,TCP
1325,10.0.0.1,TCP
176,10.0.0.1,TCP
1470,10.0.0.1,ICMP
436,10.0.0.1,TCP
474,192.168.0.2,TCP
932,192.168.0.1,TCP
979,192.168.0.1,ICMP
518,192.168.0.1,UDP
863,192.168.0.1,TCP
1132,192.168.0.1,ICMP
664,192.168.0.2,UDP
1145,10.0.0.1,UDP
175,10.0.0.1,ICMP
808,10.0.0.1,TCP
721,10.0.0.1,ICMP
392,192.168.0.2,ICMP
526,10.0.0.1,UDP
1028,192.168.0.1,ICMP
785,192.168.0.2,TCP
1157,192.168.0.1,UDP
507,10.0.0.1,ICMP
1069,192.168.0.2,TCP
420,10.0.0.1,TCP
342,192.168.0.1,ICMP
893,10.0.0.1,TCP
885,192.168.0.2,UDP
1307,10.0.0.1,UDP
738,192.168.0.1,UDP
117,192.168.0.1,UDP
101,10.0.0.1,TCP
940,192.168.0.1,UDP
898,10.0.0.1,UDP
1166,192.168.0.2,UDP
1418,192.168.0.1,TCP
352,192.168.0.1,TCP
347,192.168.0.2,UDP
571,192.168.0.1,ICMP
1342,192.168.0.1,UDP
602,192.168.0.1,UDP
484,192.168.0.1,TCP
693,192.168.0.1,UDP
63,192.168.0.1,TCP
290,10.0.0.1,TCP
943,192.168.0.1,UDP
1346,192.168.0.2,UDP
462,10.0.0.1,TCP
140,192.168.0.1,UDP
790,192.168.0.1,TCP
1382,192.168.0.2,ICMP
1450,10.0.0.1,ICMP
1400,192.168.0.2,UDP
841,192.168.0.1,TCP
1403,192.168.0.2,ICMP
148,192.168.0.1,TCP
999,192.168.0.2,TCP
852,10.0.0.1,ICMP
1468,192.168.0.2,UDP
1292,192.168.0.2,UDP
109,10.0.0.1,TCP
1473,192.168.0.2,TCP
204,192.168.0.1,ICMP
619,192.168.0.2,TCP
1210,10.0.0.1,TCP
913,192.168.0.1,UDP
968,192.168.0.2,TCP
583,192.168.0.2,ICMP
225,192.168.0.1,ICMP
348,192.168.0.1,TCP
1345,192.168.0.2,TCP
1079,10.0.0.1,TCP
629,192.168.0.1,ICMP
1404,192.168.0.2,TCP
369,192.168.0.1,UDP
1457,192.168.0.2,UDP
1046,192.168.0.2,TCP
942,10.0.0.1,ICMP
1329,10.0.0.1,TCP
1193,192.168.0.1,ICMP
785,192.168.0.1,UDP
320,192.168.0.2,ICMP
986,192.168.0.1,ICMP
921,192.168.0.1,TCP
1070,10.0.0.1,UDP
840,192.168.0.2,TCP
982,192.168.0.2,TCP
1093,10.0.0.1,UDP
1319,192.168.0.2,TCP
607,10.0.0.1,ICMP
1113,192.168.0.2,TCP
284,192.168.0.1,ICMP
953,192.168.0.2,ICMP
718,10.0.0.1,UDP
1247,192.168.0.1,ICMP
810,192.168.0.1,TCP
1475,10.0.0.1,UDP
1323,192.168.0.2,TCP
197,192.168.0.1,TCP
985,192.168.0.2,ICMP
778,192.168.0.1,TCP
958,192.168.0.2,UDP
1367,192.168.0.1,UDP
879,192.168.0.1,ICMP
1441,192.168.0.1,UDP
323,192.168.0.1,UDP
551,10.0.0.1,ICMP
1174,10.0.0.1,UDP
203,10.0.0.1,TCP
137,192.168.0.2,UDP
717,192.168.0.2,UDP
1465,192.168.0.1,TCP
1191,192.168.0.1,ICMP
582,10.0.0.1,TCP
1053,192.168.0.1,ICMP
1023,192.168.0.2,UDP
646,192.168.0.1,ICMP
1303,192.168.0.2,TCP
1357,192.168.0.2,TCP
679,10.0.0.1,TCP
1154,192.168.0.1,TCP
64,192.168.0.2,ICMP
1196,192.168.0.1,ICMP
1454,10.0.0.1,TCP
499,10.0.0.1,TCP
1397,192.168.0.1,UDP
1373,192.168.0.1,TCP
629,192.168.0.2,ICMP
1255,192.168.0.1,TCP
202,10.0.0.1,ICMP
1450,192.168.0.1,UDP
1211,10.0.0.1,ICMP
1438,192.168.0.1,TCP
738,192.168.0.1,ICMP
382,192.168.0.1,TCP
541,10.0.0.1,ICMP
344,192.168.0.2,ICMP
465,10.0.0.1,UDP
1156,192.168.0.1,UDP
1445,192.168.0.2,UDP
474,10.0.0.1,UDP
1226,192.168.0.2,UDP
1498,192.168.0.1,TCP
1303,192.168.0.2,TCP
65,10.0.0.1,ICMP
1446,192.168.0.1,ICMP
655,192.168.0.1,UDP
1119,192.168.0.2,ICMP
316,10.0.0.1,ICMP
1047,192.168.0.1,TCP
294,10.0.0.1,UDP
333,192.168.0.2,ICMP
360,10.0.0.1,TCP
1351,192.168.0.1,UDP
703,192.168.0.1,UDP
1416,192.168.0.1,UDP
304,192.168.0.1,ICMP
1219,10.0.0.1,TCP
913,10.0.0.1,UDP
71,192.168.0.1,ICMP
463,192.168.0.2,UDP
64,10.0.0.1,ICMP
532,192.168.0.2,ICMP
92,192.168.0.2,ICMP
77,10.0.0.1,ICMP
1256,10.0.0.1,ICMP
1280,10.0.0.1,ICMP
1351,10.0.0.1,ICMP
571,10.0.0.1,UDP
225,192.168.0.1,TCP
305,192.168.0.1,ICMP
1287,192.168.0.2,TCP
184,192.168.0.2,UDP
1223,192.168.0.1,ICMP
491,10.0.0.1,UDP
571,10.0.0.1,TCP
1168,192.168.0.1,UDP
367,192.168.0.2,UDP
1270,192.168.0.1,ICMP
885,192.168.0.1,TCP
894,192.168.0.1,ICMP
444,192.168.0.2,ICMP
1493,10.0.0.1,TCP
801,192.168.0.2,ICMP
260,10.0.0.1,ICMP
1444,10.0.0.1,TCP
680,192.168.0.2,TCP
749,10.0.0.1,TCP
394,10.0.0.1,UDP
1119,192.168.0.2,UDP
160,10.0.0.1,TCP
1100,192.168.0.2,UDP
1087,192.168.0.2,TCP
1468,192.168.0.1,TCP
1413,10.0.0.1,UDP
150,192.168.0.2,ICMP
666,10.0.0.1,TCP
824,192.168.0.2,UDP
158,192.168.0.2,ICMP
72,192.168.0.1,ICMP
494,10.0.0.1,TCP
1383,10.0.0.1,UDP
1149,10.0.0.1,TCP
635,192.168.0.2,UDP
885,192.168.0.2,UDP
853,192.168.0.2,ICMP
485,10.0.0.1,ICMP
254,10.0.0.1,TCP
803,192.168.0.1,UDP
690,192.168.0.2,ICMP
248,192.168.0.2,ICMP
982,192.168.0.1,ICMP
251,192.168.0.1,UDP
229,192.168.0.1,TCP
1496,192.168.0.2,UDP
405,192.168.0.1,TCP
1392,192.168.0.2,TCP
182,192.168.0.2,TCP
61,192.168.0.1,TCP
703,10.0.0.1,ICMP
1054,10.0.0.1,TCP
1195,192.168.0.1,TCP
726,10.0.0.1,ICMP
214,192.168.0.2,UDP
736,10.0.0.1,ICMP
1476,192.168.0.1,UDP
850,192.168.0.2,UDP
126,192.168.0.2,UDP
533,10.0.0.1,UDP
655,10.0.0.1,TCP
835,192.168.0.2,TCP
330,192.168.0.1,UDP
1124,192.168.0.2,ICMP
1374,192.168.0.2,ICMP
1405,192.168.0.2,ICMP
609,192.168.0.1,UDP
86,192.168.0.1,ICMP
701,10.0.0.1,UDP
262,192.168.0.2,TCP
997,10.0.0.1,TCP
633,192.168.0.1,UDP
1473,192.168.0.2,TCP
781,192.168.0.2,ICMP
705,192.168.0.1,TCP
1332,10.0.0.1,UDP
860,10.0.0.1,UDP
1117,192.168.0.2,UDP
371,10.0.0.1,ICMP
1054,10.0.0.1,ICMP
1159,192.168.0.1,ICMP
781,192.168.0.2,UDP
1078,10.0.0.1,UDP
894,192.168.0.2,ICMP
176,192.168.0.1,UDP
1121,192.168.0.1,TCP
549,10.0.0.1,TCP
1354,10.0.0.1,UDP
1418,192.168.0.1,TCP
916,192.168.0.2,UDP
626,10.0.0.1,ICMP
376,192.168.0.1,ICMP
1283,10.0.0.1,TCP
263,10.0.0.1,TCP
958,192.168.0.2,ICMP
1256,10.0.0.1,TCP
1194,192.168.0.1,TCP
1409,10.0.0.1,UDP
1316,10.0.0.1,UDP
804,10.0.0.1,TCP
929,192.168.0.1,TCP
1298,192.168.0.2,ICMP
1348,192.168.0.1,TCP
239,192.168.0.1,TCP
73,10.0.0.1,UDP
684,192.168.0.2,TCP
1410,10.0.0.1,UDP
181,192.168.0.2,TCP
903,10.0.0.1,ICMP
1433,192.168.0.2,UDP
1172,192.168.0.2,TCP
147,192.168.0.1,ICMP
630,192.168.0.1,TCP
351,192.168.0.2,ICMP
1152,192.168.0.2,UDP
1207,10.0.0.1,UDP
1439,192.168.0.2,UDP
1177,192.168.0.2,UDP
1391,192.168.0.1,UDP
922,10.0.0.1,UDP
1450,192.168.0.2,ICMP
875,10.0.0.1,ICMP
819,10.0.0.1,TCP
616,192.168.0.1,TCP
1326,192.168.0.1,TCP
231,192.168.0.1,TCP
1159,192.168.0.1,ICMP
955,192.168.0.1,ICMP
1276,192.168.0.1,TCP
1295,10.0.0.1,UDP
77,192.168.0.2,TCP
876,192.168.0.1,ICMP
404,192.168.0.1,ICMP
440,192.168.0.1,TCP
706,192.168.0.2,ICMP
521,10.0.0.1,UDP
1492,192.168.0.2,UDP
69,10.0.0.1,ICMP
1395,10.0.0.1,UDP
259,192.168.0.1,TCP
1049,192.168.0.1,ICMP
439,10.0.0.1,ICMP
962,192.168.0.2,UDP
287,192.168.0.2,ICMP
1195,10.0.0.1,ICMP
208,10.0.0.1,TCP
685,192.168.0.1,TCP
377,10.0.0.1,UDP
125,10.0.0.1,ICMP
1017,10.0.0.1,ICMP
644,10.0.0.1,UDP
707,192.168.0.2,TCP
1171,192.168.0.2,TCP
224,192.168.0.2,TCP
1484,192.168.0.2,TCP
287,192.168.0.1,ICMP
1318,192.168.0.2,UDP
1408,10.0.0.1,ICMP
1370,192.168.0.1,ICMP
309,192.168.0.2,UDP
181,192.168.0.1,ICMP
1168,192.168.0.1,UDP
1183,192.168.0.2,ICMP
528,10.0.0.1,ICMP
770,192.168.0.1,UDP
464,10.0.0.1,ICMP
436,10.0.0.1,UDP
1002,10.0.0.1,ICMP
64,192.168.0.2,ICMP
1310,192.168.0.1,TCP
1351,192.168.0.1,TCP
1320,192.168.0.2,ICMP
992,192.168.0.2,TCP
612,192.168.0.2,ICMP
201,10.0.0.1,TCP
1252,10.0.0.1,TCP
1397,10.0.0.1,TCP
645,10.0.0.1,UDP
822,10.0.0.1,ICMP
411,10.0.0.1,TCP
1483,192.168.0.2,ICMP
1037,192.168.0.1,UDP
616,10.0.0.1,UDP
618,192.168.0.2,TCP
1474,10.0.0.1,ICMP
1320,192.168.0.2,UDP
1355,10.0.0.1,UDP
878,192.168.0.2,UDP
570,192.168.0.2,UDP
393,192.168.0.1,TCP
345,192.168.0.1,TCP
965,10.0.0.1,ICMP
405,10.0.0.1,TCP
142,192.168.0.2,TCP
268,192.168.0.2,UDP
1328,192.168.0.1,ICMP
498,192.168.0.2,ICMP
992,192.168.0.2,ICMP
393,192.168.0.1,TCP
830,10.0.0.1,UDP
1274,192.168.0.1,ICMP
86,192.168.0.2,UDP
363,10.0.0.1,TCP
233,192.168.0.2,ICMP
1014,192.168.0.1,ICMP
1424,10.0.0.1,TCP
633,192.168.0.2,ICMP
197,192.168.0.2,UDP
1149,192.168.0.1,UDP
231,10.0.0.1,ICMP
1480,192.168.0.1,UDP
1128,192.168.0.2,ICMP
213,192.168.0.1,ICMP
1392,10.0.0.1,UDP
833,192.168.0.1,TCP
949,192.168.0.1,TCP
389,192.168.0.2,UDP
1157,10.0.0.1,TCP
563,192.168.0.2,TCP
1011,192.168.0.1,UDP
998,192.168.0.1,ICMP
1355,10.0.0.1,TCP
228,192.168.0.2,UDP
184,192.168.0.1,ICMP
1060,192.168.0.1,UDP
1388,10.0.0.1,UDP
127,192.168.0.2,UDP
612,192.168.0.2,UDP
1390,192.168.0.1,ICMP
1241,192.168.0.1,TCP
764,192.168.0.1,UDP
287,192.168.0.1,UDP
136,192.168.0.1,TCP
600,192.168.0.2,TCP
687,10.0.0.1,ICMP
177,10.0.0.1,ICMP
482,192.168.0.1,TCP
101,192.168.0.2,TCP
809,192.168.0.1,ICMP
289,192.168.0.2,ICMP
670,10.0.0.1,UDP
180,192.168.0.2,UDP
936,10.0.0.1,TCP
946,192.168.0.1,UDP
1283,192.168.0.1,ICMP
1012,192.168.0.2,UDP
827,192.168.0.2,ICMP
582,10.0.0.1,UDP
1033,10.0.0.1,TCP
466,10.0.0.1,TCP
694,192.168.0.1,UDP
346,192.168.0.2,UDP
751,10.0.0.1,UDP
1301,10.0.0.1,ICMP
539,192.168.0.2,UDP
1026,192.168.0.1,UDP
1158,192.168.0.2,ICMP
440,192.168.0.2,UDP
267,192.168.0.2,UDP
1418,192.168.0.2,TCP
807,192.168.0.1,TCP
327,10.0.0.1,UDP
1463,10.0.0.1,TCP
807,192.168.0.1,TCP
95,192.168.0.2,ICMP
1479,192.168.0.2,TCP
217,10.0.0.1,TCP
877,192.168.0.2,UDP
1485,10.0.0.1,TCP
875,192.168.0.2,ICMP
611,192.168.0.1,UDP
123,192.168.0.1,ICMP
450,192.168.0.1,ICMP
511,10.0.0.1,TCP
1064,192.168.0.1,TCP
1155,10.0.0.1,TCP
199,10.0.0.1,TCP
243,192.168.0.2,TCP
1172,10.0.0.1,UDP
